{
  "providers": {
    "awscloudformation": {
      "AuthRoleName": "amplify-amplifyapp-dev-223803-authRole",
      "UnauthRoleArn": "arn:aws:iam::160531510391:role/amplify-amplifyapp-dev-223803-unauthRole",
      "AuthRoleArn": "arn:aws:iam::160531510391:role/amplify-amplifyapp-dev-223803-authRole",
      "Region": "ap-southeast-1",
      "DeploymentBucketName": "amplify-amplifyapp-dev-223803-deployment",
      "UnauthRoleName": "amplify-amplifyapp-dev-223803-unauthRole",
      "StackName": "amplify-amplifyapp-dev-223803",
      "StackId": "arn:aws:cloudformation:ap-southeast-1:160531510391:stack/amplify-amplifyapp-dev-223803/b52f9ec0-1bde-11ed-a497-0a4a91a54c6a",
      "AmplifyAppId": "d98nthvpu8iss"
    }
  }
}